Popup_AutoFixFail_Ok,en-UK,ru-RU,zh-CN
,,,
AdvancedTutorial_Title,Advanced,Продвинутые функции,进阶
AdvancedTutorial_SubTitle,Learn the advanced features of Playable Plugin,Изучите продвинутые функции Playable Plugin,学习使用 Playable Plugin 的高级功能
AdvancedTutorial_Description,-,-,-
AdvancedTutorial_Part1_Heading,Playable health check,Диагностика проекта,Playable 健康检测
AdvancedTutorial_Part1_Text,Find out if your playable ad is ready and how to fix any issues before you go live,"Узнайте, готов ли Ваш плеебл, и как решить любые проблемы до того, как выпустить релиз",检查您的可玩广告在发布前是否存在问题以及如何修复
AdvancedTutorial_Part2_Heading,Size Breakdown,Анализ размера,大小细分
AdvancedTutorial_Part2_Text,Learn how to analyse and optimize the size of your playable ad for an improved performance,"Узнайте, как анализировать и оптимизировать размер Вашего плеебла для улучшения производительности",学习如何分析以及优化您的可玩广告的大小以提升性能
AdvancedTutorial_Part3_Heading,Playground Fields & Custom Events,Playground поля и пользовательские события,可调参数 & 自定义事件
AdvancedTutorial_Part3_Text,Create and test unlimited variations of your playable ad without additional rebuilds,Создавайте и тестируйте множество вариаций Вашего плеебла без дополнительных билдов,创建和测试可玩广告无限种不同版本，无需重新构建项目
AdvancedTutorial_Part4_Heading,Additional Features,Дополнительные функции,额外功能
AdvancedTutorial_Part4_Text,Learn about our advanced features to maximise your playable performance,"Узнайте про наши продвинутые функции, которые помогут улучшить производительность плеебла",使用我们的高级功能来最大提升可玩广告性能
AdvancedTutorial_Part5_Heading,Playable debugging & QA,Отладка и тестирование плеебла,Playable 调试 & QA
AdvancedTutorial_Part5_Text,Supercharge your playable development process with our debugging tools,Ускорьте процесс разработки плеебла с нашими инструментами отладки,使用我们的调试工具来加速您的可玩广告开发流程
,,,
InitialSetup_TutorialTitle,Playable Plugin Setup,Установка Playable Plugin,Playable Plugin 安装
,,,
BasicsTutorial_Title,Basics,Основы,基础
BasicsTutorial_SubTitle,Learn the basics of using Playable Plugin,Изучите основы использования Playable Plugin,了解 Playable Plugin 的基本工作流程
BasicsTutorial_Description,-,-,-
BasicsTutorial_Part1_Heading,Download Playable Plugin,Скачивание Playable Plugin,下载 Playable Plugin
BasicsTutorial_Part1_Text,Download the latest Playable Plugin version from Luna Create Suite.\nClick here to download,Скачайте последнюю версию Playable Plugin из Luna Create Suite.\nКликните здесь для скачивания,从 Luna Create Suite 下载最新版本的 Playable Plugin。\n点此下载
BasicsTutorial_Part2_Heading,Playable Plugin Dependencies,Зависимости Playable Plugin,Playable Plugin 依赖项
BasicsTutorial_Part2_Text,The Playable Plugin is provided as a Unity package and requires a few dependencies before using it. You only need to do this once on your machine.\nClick here to open docs,Playable Plugin поставляется как пакет Unity и требует некоторые зависимости для работы. Вам необходимо сделать это единожды на Вашем ПК.\nКликните здесь для открытия документации,Playable Plugin 是 Unity 的一个包，但是需要一些依赖项才可以正常运行。您只需要在该设备上执行一次安装。\n点此打开文档
BasicsTutorial_Part3_Heading,Initial Setup,Первоначальная установка,初始配置
BasicsTutorial_Part3_Text,Get all set up with the Plugin. Learn how to install in your Unity project.\nClick to begin tutorial,"Подготовьте все необходимое для Playable Plugin. Узнайте, как установить его в Ваш проект.\nКликните здесь, чтобы начать обучение",对 Plugin 进行配置。学习如何在您的 Unity 项目中安装它。\n点此开始教程
BasicsTutorial_Part4_Heading,Learn the Basics,Изучите основы,学习基础
BasicsTutorial_Part4_Text,Learn the basics of using the Plugin UI and create your first playable build\nClick to begin tutorial,"Изучите основы работы с Playable Plugin UI и создайте свой первый билд плеебла\nКликните здесь, чтобы начать обучение",学习使用 Plugin 用户界面及创建您的第一个可玩广告\n点此开始教程
BasicsTutorial_Part5_Heading,Getting started docs,Начало работы,入门文档
BasicsTutorial_Part5_Text,Click here to read more about the Plugin in our friendly developer documentation,"Кликните здесь, чтобы узнать больше про Playable Plugin в нашей удобной документации для разработчиков",点此阅读我们开发者文档中更多有关 Plugin 的信息
,,,
Pages_PHC_TutorialTitle,Playable Health Check,Диагностика проекта,Playable 健康检测
Pages_SB_TutorialTitle,Size Breakdown,Анализ размера,大小细分
Pages_PlaygroundFields_TutorialTitle,Playground fields & Custom Events,Playground поля и пользовательские события,可调参数 & 自定义事件
Pages_DebuggingAndQA_TutorialTitle,Debugging and QA,Отладка и тестирование,调试 & QA
Pages_Basic_TutorialTitle,Basic Tutorial,Руководство по  основам,基础教程
Pages_Extras_TutorialTitle,Additional features,Дополнительные функции,额外功能
,,,
FinishBasicTutorial_WindowTitle,Playable Plugin basics tutorial,Руководство по основам Playable Plugin,Playable Plugin 基础教程
FinishBasicTutorial_Title,You're finished Playable Plugin basics tutorial!,Вы закончили обучние основам Playable Plugin!,您已完成 Playable Plugin 基础教程！
FinishBasicTutorial_Description,"Now you know how to create playables using Playable Plugin, but we highly recommend you to check out advanced tutorial to learn how to make your playables really perfect.","Теперь Вы знаете, как создать плеебл, используя Playable Plugin, но мы настоятельно рекомендуем пройти продвинутое обучение, чтобы узнать, как сделать Ваши плееблы идеальными.",现在您已经知道了如何使用 Playable Plugin 创建可玩广告，但是我们强烈建议您继续进阶教程来提升可玩广告的质量与性能。
FinishBasicTutorial_CloseButton,Close,Закрыть,关闭
,,,
TutorialProject_Title,Luna Playable Plugin Tutorial,Руководство по Luna Playable Plugin,Luna Playable Plugin 教程
TutorialProject_Subtitle,Get started with Luna's Playable Plugin by following our step-by-step tutorial series! Start with the Basics before diving into the Advanced sections,"Начните работу с Playable Plugin от Luna, следуя нашему пошаговому руководству! Начните с основ, прежде чем переходить к продвинутым секциям",跟随我们的分步教程系列开始学习使用 Luna Playable Plugin！请在完成基础本分之后再开始进阶教程
TutorialProject_Description,-,-,-
,,,
NextTurorialGoSizeBreakdown,Go to Size Breakdown tutorial,Открыть руководство по Анализу размера,开始大小细分教程
NextTutorialPlagroundFields,Go to playground fields tutorial,Перейти к руководству по Playgound полям,开始可调参数教程
NextTutorialAdvanced,Go to Advanced tutorial,Перейти к продвинутому руководству,开始进阶教程
NextTutorialLearnBasics,Go to Learn Basics,Перейти к обучению основам,开始基础教程
NextTutorialGoDebuggingAndQA,Go to learn debugging and QA,Перейти к руководству по отладке и тестированию,开始学习调试及 QA
NextTutorialExtras,Go to Additional Features,Перейти к дополнительным функциям,开始学习额外功能
,,,
openLunaWindowHint,Open Playable Plugin Window to continue tutorial (Press command/ctrl + E or Navigate to Tools → Playable Plugin),"Откройте окно Playable Plugin, чтобы продолжить (Нажмите command/ctrl + E или перейдите Tools → Playable Plugin)",打开 Playable Plugin 窗口以继续教程 （使用快捷键 Command/Ctrl + E 或者点击 Tools → Playable Plugin）
installPackageHint,Playable Plugin package installation required. Please follow Basic > initial setup guide.,Необходимо установить Playable Plugin пакет. Перейдите в Основы > Первоначальная установка.,需要先安装 Playable Plugin。 请参照 基础 > 初始配置
,,,
Introduction_Title,Playable Plugin Setup,Установка Playable Plugin,Playable Plugin 安装
Introduction_NarrativeDescription,"In this section you will learn how to set up the Playable Plugin on your Unity project.\nBefore we begin make sure you have done the following:\n• Install all <a href=""https://docs.lunalabs.io/docs/playable/setup/dependencies/#installing-dependencies"">required dependencies</a>\n• Download plugin package from your <a href=""https://playground.lunalabs.io/downloads"">Luna Creative Suite account</a>\n• Unzip the package file somewhere convenient on your system","В этой секции Вы узнаете, как установить Playable Plugin в проект Unity.\nПрежде чем начать, убедитесь, что Вы выполнили следующие условия:\n• Установите все <a href=""https://docs.lunalabs.io/docs/playable/setup/dependencies/#installing-dependencies"">необходимые зависимости</a>\n• Скачайте пакет Playable Plugin с Вашего <a href=""https://playground.lunalabs.io/downloads"">Luna Creative Suite аккаунта</a>\n• Распакуйте файл пакета на Вашем ПК","在本节中，您将了解如何在您的 Unity 项目中安装 Playable Plugin。\n在开始之前，请确保您已完成以下步骤：\n• 安装所有 <a href=""https://docs.lunalabs.io/docs/playable/setup/dependencies/#installing-dependencies"">所需的依赖项</a>\n• 从您的 <a href=""https://playground.lunalabs.io/downloads"">Luna Creative Suite 帐户下载插件包</a>\n• 将插件包文件解压缩到您系统上合适的位置"
Introduction_InstructionTitle,-,-,-
Introduction_InstructionDescription,-,-,-
,,,
LunaSetup_Title,Playable Plugin Setup,Установка Playable Plugin,Playable Plugin 安装
LunaSetup_NarrativeDescription,-,-,-
LunaSetup_InstructionTitle,Install the Playable Plugin through Unity’s Package Manager.,Установите Playable Plugin через менеджер пакетов Unity.,使用 Unity Package Manager 安装 Playable Plugin
LunaSetup_InstructionDescription,"1. To open Package Manager UI, from the top menu open Window > Packager Manager (we’ve already opened it for you)\n2. Click on ‘+’ button on the top left\n3. Choose ‘Add Package from disk’\n4. Locate the folder on your system where you unzipped the package in previous step\n5. Go to Script folder and select ‘package.json’ file","1. Чтобы открыть окно менеджера пакетов, выберите в верхнем меню Window > Packager Manager (мы уже открыли его для Вас)\n2. Нажмите на кнопку ‘+’ в левом верхнем углу\n3. Выберите ‘Add Package from disk’\n4. Найдите папку, куда Вы распаковали пакет в прошлом шаге\n5. Откройте папку Script и выюерите файл ‘package.json’",1. 从 Window > Packager Manager 打开 Package Manager 用户界面（我们已经为您打开）\n2. 点击左上方的 ‘+’ 按钮\n3. 选择 ‘Add Package from disk’\n4. 找到插件包在系统上解压的位置\n5. 进入 Script 文件夹并选择 ‘package.json’ 文件
,,,
OpenLunaWindow_Title,Open Playable Plugin Window,Открытие окна Playable Plugin,打开 Playable Plugin 界面
OpenLunaWindow_NarrativeDescription,"Now, let’s open the Playable Plugin","Итак, давайте откроем Playable Plugin",让我们开始使用 Playable Plugin
OpenLunaWindow_InstructionTitle,-,-,-
OpenLunaWindow_InstructionDescription,➜ In the top bar select Tools. You will notice Playable Plugin appear in the menu. Click to open.,"➜ В верхнем меню выберите Tools. Вы заметите, что там появился Playable Plugin. Нажмите, чтобы открыть.",➜ 在顶部栏中选择 Tools。 您会看到 Playable Plugin 出现在菜单中。 点击打开。
,,,
SignIn_Title,Sign in,Вход,登录
SignIn_NarrativeDescription,Log in with your Luna Creative Suite account details.,Войдите с Вашими данными от Luna Creative Suit.,登录您的 Luna Creative Suite 账号。
SignIn_InstructionTitle,-,-,-
SignIn_InstructionDescription,-,-,-
,,,
GOBuildSection_Title,Your first build,Ваш первый билд,您的第一个构建
GOBuildSection_NarrativeDescription,In Playable Plugin we refer to two types of builds:\n• Develop build\n• Creative Library build,В Playable Plugin существует два типа билдов:\n• Develop билд\n• Creative Library билд,在 Playable Plugin 中有两种类型的构建版本：\n• Develop 版本\n• Creative Library 版本
GOBuildSection_InstructionTitle,-,-,-
GOBuildSection_InstructionDescription,➜ Click on Build & Upload tab on plugin UI to learn more about them,"➜ Нажмите на вкладку Собрать и Загрузить в окне Playable Plugin, чтобы узнать больше",➜ 点击用户界面上的 ‘构建和上传’ 选项以了解有关它们的更多信息
,,,
BuildDevelop_Title,Create Develop build,Создание Develop билда,构建 Develop 版本
BuildDevelop_NarrativeDescription,"A Develop Build is a is a HTML+JS version of your playable that runs in the browser. You will use this to easily preview, test and debug your build locally, before uploading it to your Creative Library. It is not intended for production use.","Develop билд - это HTML+JS версия Вашего плеебла, которая работает в браузере. Вы будете использовать его для быстрого просмотра, тестирования и отладки билда локально, до загрузки билда в Вашу библиотеку Creative Library. Он не преднозначен для использования в качестве релиз версии.",Develop 版本是一个可以在浏览器中运行的 HTML+JS 可玩广告。在上传到您的 Creative Library 之前，您将可以在本地轻松预览、测试和调试您的构建。它不适用于发布用途。
BuildDevelop_InstructionTitle,-,-,-
BuildDevelop_InstructionDescription,➜ Click ‘Build Develop’ to start the building process\n(tip: you can also use shortcut command/ctrl + shift + e),"➜ Нажмите ‘Собрать Develop’, чтобы начать процесс сборки билда\n(Совет: Вы также можете использовать сочетание клавиш command/ctrl + shift + e)",➜ 点击 ‘构建 Develop’ 以开始构建过程\n(您也可以使用快捷键 Command/Ctrl + Shift + E)
,,,
WaitBuild_Title,Preview your develop build,Просмотрите свой Develop билд,预览您的 Develop 版本
WaitBuild_NarrativeDescription,Keep in mind that the first build might take a little longer. This is because your Unity project’s source code in C# is being converted to JavaScript.,"Помните, что первая сборка может занять немного больше времени. Потому что код Unity проекта на C# конвертируется в JavaScript.",请注意，第一次构建可能需要比较久的时间。这是因为您的 Unity 项目 C# 源码需要被转译成 JavaScript。
WaitBuild_InstructionTitle,-,-,-
WaitBuild_InstructionDescription,"➜ When the build is ready, click on ‘Open in browser’ on the popup to preview the playable. The playable will open on your browser (we call it the ‘Dev Environment’)","➜ Когда билд готов, нажмите ‘Открыть в браузере’ во всплывающем окне, чтобы просмотреть Ваш плеебл. Этот плеебл будет открыт в браузере (мы называем это ‘Окружение разработчика’)",➜ 构建完成后，请点击弹出菜单中的 ‘在浏览器中打开’ 选项。可玩广告将在您的浏览器中运行（我们称之为 ‘开发环境’）
,,,
OpenInBrowser_Title,Dev Environment,Окружение разработчика,开发环境
OpenInBrowser_NarrativeDescription,"The <a href=""https://docs.lunalabs.io/docs/playable/code/luna-in-browser/dev-environment"">Dev Environment</a> emulates the playable preview page from your Creative Suite account, on your local browser.\nYou can open it anytime from the Build tab by clicking on the globe icon.\n\nMake sure your local server is running so Playable Plugin can load the develop build. You can enable/disable the local server from the ‘Start/Stop server button’ next to this icon.","<a href=""https://docs.lunalabs.io/docs/playable/code/luna-in-browser/dev-environment"">Окружение разработчика</a> эмулирует страницу просмотра плеебла из Вашего Creative Suite аккаунта локально, в Вашем браузере.\nВы можете открыть ее в любой момент, используя вкладку Сборка, нажав на иконку глобуса.\n\nУбедитесь, что Ваш локальный сервер запущен, так Playable Plugin сможет запустить Develop билд. Вы можете включить/выключить локальный сервер, используя кнопку ‘Запустить/Остановить сервер’ рядом с этой иконкой.","<a href=""https://docs.lunalabs.io/docs/playable/code/luna-in-browser/dev-environment"">开发环境</a>在本地浏览器上模拟您的 Creative Suite 帐户的可玩广告预览页面。\n您可以随时通过单击地球图标从 ‘构建’ 面板打开它。\n\n请确保您的本地服务器正在运行，以便 Playable Plugin 可以加载 Develop 版本。您可以从此图标旁边的 ‘启动/停止服务器’ 按钮启用/禁用本地服务器。"
OpenInBrowser_InstructionTitle,-,-,-
OpenInBrowser_InstructionDescription,➜ Let’s open the Dev Environment. Click on the Globe icon highlighted in the UI for you,"➜ Давайте откроем Окружение разработчика. Нажмите на иконку глобуса, подсвеченную для Вас в окне",➜ 让我们打开开发环境。单击用户界面中为您高亮的地球图标
,,,
GoUploadTab_Title,Creative Library build,Creative Library билд,Creative Library 版本
GoUploadTab_NarrativeDescription,"Once you’re satisfied with the results from your Develop build, it is time to create a Creative Library build that you will use to deploy your ad.\n\n<a href=""https://docs.lunalabs.io/docs/playable/playground/overview"">Creative Suite</a> contains all the tools you’ll need to manage and optimize your creatives. It also includes Creative Library, where you can store, edit, create different versions and download your playables for different ad networks.","Когда Вы довольны результатами в Вашем Develop билде, самое время создать Creative Library билд, который используется для публикации Вашего плеебла.\n\n<a href=""https://docs.lunalabs.io/docs/playable/playground/overview"">Creative Suite</a> содержит все необходимые инструменты для управления и оптимизации Ваших креативов. Также он включает Creative Library, где Вы можете хранить, редактировать, создавать различные версии и скачивать Ваши плееблы для разных рекламных сетей.","如果您对 Develop 版本感到满意，就可以构建一个 Creative Library 版本来部署您的广告。\n\n<a href=""https://docs.lunalabs.io/docs/playable/playground/overview"">Creative Suite</a> 包含管理和优化创意所需的所有工具。它还包括Creative Library，您可以在其中存储、编辑、创建不同版本并下载适用于不同广告网络的可玩广告文件。"
GoUploadTab_InstructionTitle,-,-,-
GoUploadTab_InstructionDescription,➜ Head over to Build & Upload > Upload to Creative Library tab,➜ Перейдите во вкладку Собрать и загрузить > Загрузка в Creative Library,➜ 点击 ‘构建与上传’ > ‘上传到 Creative Library’ 面板
,,,
UploadPlayable_Title,Build and upload to Creative Library,Сборка и загрузка в Creative Library,构建并上传到 Creative Library
UploadPlayable_NarrativeDescription,"On this page, you will define where your playable should be stored in the Creative Library.\nCreatives in your Library are organized into Applications and Concepts (read about this structure in our <a href=""https://knowledge.lunalabs.io/en/collections/3241263-creative-library"">knowledge docs</a>)\n\nHere you’ll choose if you want to upload a new concept or update an existing one.","На этой странице Вы определяете, где будет сохранен плеебл в Creative Library.\nКреативы в Вашей библиотеке организованы как Applications и Концепты (узнайте больше о структуре в нашей <a href=""https://knowledge.lunalabs.io/en/collections/3241263-creative-library"">документации</a>)\n\nЗдесь Вы выбираете, хотите ли Вы загрузить новый концепт или обновить существующий.","在此页面上，您需要定义可玩广告在 Creative Library 中的存储位置。\n您库中的创意会被归类到 Applications 和Concepts中（请在我们的 <a href=""https://knowledge.lunalabs.io/en/collections/3241263-creative-library"">知识文档</a>中阅读有关此结构的信息)\n\n您可以在此处选择是要上传新的创意，还是更新现有的创意。"
UploadPlayable_InstructionTitle,"➜ In this tutorial, we will create a new concept inside ‘Luna Sample Game’ application",➜ В этом руководстве мы создадим новый концепт для Application ‘Luna Sample Game’,➜ 在本教程中，我们将在 ‘Luna Sample Game’ 应用程序中创建一个新概念
UploadPlayable_InstructionDescription,1. Make sure you select ‘Luna Sample Game’ option in ‘Available Applications’\n2. Choose ‘<New Concept> from the  ‘Available Concepts’\n3. Give your playable a name in the ‘Concept Name’ field\n4. Click on ‘Build & upload’ when you’re ready,"1. Убедитесь, что Вы выбрали опцию ‘Luna Sample Game’ в списке ‘Доступные Applications’\n2. Выберите ‘<Новый концепт> в списке ‘Доступные Концепты’\n3. Дайте имя плееблу в поле ‘Имя Концепта’\n4. Нажмите на ‘Собрать и загрузить’, когда будете готовы",1. 确保在 ‘可选应用’ 中选择 ‘Luna Sample Game’ 选项\n2.从 ‘可选创意’ 中选择 ‘<新创意>’\n3.在 ‘创意名称’ 字段中为您的可玩广告命名\n4.准备好后点击 ‘构建并上传’
,,,
GoCreateHub_Title,Your playable is ready!,Ваш плеебл готов!,您的可玩广告已经就绪！
GoCreateHub_NarrativeDescription,"Congratulations, you just successfully created and uploaded your first playable build.","Поздравляем, Вы только что успешно создали и загрузили Ваш первый билд плеебла.",恭喜，您刚刚成功构建并上传了您的第一个可玩广告。
GoCreateHub_InstructionTitle,-,-,-
GoCreateHub_InstructionDescription,➜ Click on ‘Open Creative Library’ to open the playable you just uploaded. This will open your Creative Suite account in browser,"➜ Нажмите ‘Открыть Creative Library’, чтобы открыть плеебл, который Вы только что загрузили. Это откроет Creative Suite аккаунт в браузере",➜ 点击 ‘打开Creative Library’ 以查看您刚刚上传的可玩广告。这将在浏览器中打开您的 Creative Suite 帐户
,,,
SetupReady_Title,You’re in,Все готово,配置完毕
SetupReady_NarrativeDescription,"Great, now you’re ready to create your first playable ad!","Отлично, теперь Вы готовы к созданию Вашего первого билда!",太棒了，现在您可以制作您的第一个可玩广告了！
SetupReady_InstructionTitle,-,-,-
SetupReady_InstructionDescription,-,-,-
,,,
BasicsIntroduction_Title,Introduction,Введение,介绍
BasicsIntroduction_NarrativeDescription,In this section you will get familiar with the Plugin UI and learn the basics of creating a playable build in a few easy steps.,В этой секции Вы познакомитесь с окном Playable Plugin и узнаете основы создания плееблов за несколько простых шагов.,在本节中，您将熟悉 Plugin 用户界面，并通过几个简单的步骤来构建一个可玩广告。
BasicsIntroduction_InstructionTitle,-,-,-
BasicsIntroduction_InstructionDescription,-,-,-
,,,
ScenesInBuild_Title,Scenes in Build,Сцены в билде,构建中的场景
ScenesInBuild_NarrativeDescription,"The first mandatory step is to pick scenes from your Unity project that you want in to include in the Build Settings page.\nIf you’re using multiple scenes, you’ll need to specify which scene should be initialized first when the playable starts.","Первый обязательный шаг - это выбрать сцены из Вашего Unity проекта, которые Вы хотите включить на вкладке Настройки > Основные.\nЕсли Вы используете несколько сцен, необходимо выбрать какая из сцен будет запущена первой при старте плеебла.",第一个必要的步骤是从您的 Unity 项目中选择您想要包含在构建中的场景。\n如果您使用多个场景，则需要指定可玩广告开始时应首先初始化哪个场景。
ScenesInBuild_InstructionTitle,-,-,-
ScenesInBuild_InstructionDescription,"For this tutorial, we’ve created a scene called ‘Boot’ in your Unity project\n• select ‘Boot’ scene to include in your build\n• Ensure it is also marked as the Startup Scene","Для этого руководства мы подготовили сцену под названием ‘Boot’ в Вашем проекте Unity\n• выберите сцену ‘Boot’, чтобы включить ее в билд\n• Убедитесь, что она также отмечена как стартовая сцена",对于本教程，我们在您的 Unity 项目中创建了一个名为 ‘Boot’ 的场景\n• 选择 ‘Boot’ 场景以包含在您的构建中\n• 确保它也被标记为启动场景
,,,
A_PHC_6_GoBuildSection_Title,Introduction,Введение,介绍
A_PHC_6_GoBuildSection_NarrativeDescription,"In this section, you will learn about Playable Health Check\n\nIt is an important tool to verify the readiness of your playable ad. It helps you to identify and fix issues in your build that can potentially lead to rejection by ad networks.","В этой секции Вы узнаете о Диагностике проекта\n\nЭто важный инструмент для оценки готовности плеебла. Он помогает поределять и исправлять ошибки в билде, которые могут привести к отказу к публикации в рекламных сетях.",在本节中，您将熟悉 Playable 健康检测\n\n它是验证可玩广告是否就绪的重要工具。它可以帮助您识别和修复构建中可能导致被广告网络拒绝的问题。
A_PHC_6_GoBuildSection_InstructionTitle,-,-,-
A_PHC_6_GoBuildSection_InstructionDescription,➜ Open ‘Build & Upload’ section,➜ Откройте секцию ‘Собрать и загрузить’,➜ 打开 ‘构建与上传’ 面板
,,,
A_PHC_7_GoDevelopTab_Title,Playable Health Check,Диагностика проекта,Playable Health Check
A_PHC_7_GoDevelopTab_NarrativeDescription,"You’ll find Playable Health Check in the ‘Build & Upload’ section.\n\nWhen you build your project, Playable Plugin scans your build for pending issues based on factors that can impact your playable. The results are displayed in the form of an easy checklist to help you address them before you upload to Creative Library.","Вы можете найти Диагностику проекта в секции ‘Собрать и загрузить’.\n\nКогда Вы собираете проект, Playable Plugin сканирует билд на наличие ошибок, основываясь на факторах, которые могут повлиять на плеебл. Результаты отображаются в виде простого списка, чтобы помочь Вам их исправить, прежде чем билд будет загружен в Creative Library.",您可以在 ‘构建和上传’ 面板找到 Playable Health Check。\n\n当您构建项目时，Playable Plugin 会根据可能影响可玩性的因素扫描您的构建以查找潜在问题。扫描结果会以简单清单的形式显示，以帮助您在上传到 Creative Library 之前解决这些问题。
A_PHC_7_GoDevelopTab_InstructionTitle,-,-,-
A_PHC_7_GoDevelopTab_InstructionDescription,➜ Open ‘Build’ tab,➜ Откройте вкладку ‘Сборка’,➜ 打开 ‘构建’ 面板
,,,
A_PHC_8_BuildDevelop_Title,Run Project Diagnostics,Запуск Диагностики проекта,运行项目诊断
A_PHC_8_BuildDevelop_NarrativeDescription,"<a href=""https://docs.lunalabs.io/docs/playable/code/project-diagnostics"">Project Diagnostics</a> helps to streamline the debugging experience with the plugin: it is an easy way to see an overview of compilation issues in your build without having to manually debug in the code.\n\nIn this tutorial, we’ve left some pesky compiling errors in your project that we will resolve together. To do this we’ll ask you to once again build your project for Develop.","<a href=""https://docs.lunalabs.io/docs/playable/code/project-diagnostics"">Диагностика проекта</a> помогает упростить отладку с помощью плагина: это простой способ увидеть ошибки компиляции в билде, без необходимости проводить отладку вручную.\n\nВ этом руководстве мы оставили несколько мелких ошибок компиляции в проекте, которые мы вместе решим. Чтобы это сделать, мы просим запустить сборку Develop билда еще раз.","<a href=""https://docs.lunalabs.io/docs/playable/code/project-diagnostics"">项目诊断</a>有助于简化调试流程：它将提供构建中的编译问题的概览，而无需手动寻找并调试代码。\n\n在本教程中，我们留下了一些编译错误需要处理。为此，我们将要求您再构建 Develop 版本。"
A_PHC_8_BuildDevelop_InstructionTitle,-,-,-
A_PHC_8_BuildDevelop_InstructionDescription,➜ Hit ‘Build Develop’ to start the building process (or use shortcut command/ctrl + shift + e),"➜ Нажмите ‘Собрать Develop’, чтобы запустить процесс сборки (или используйте сочетание command/ctrl + shift + e)",➜ 点击 ‘构建 Develop’ 以开始构建过程\n（您也可以使用快捷键 Command/Ctrl + Shift + E）
,,,
A_PHC_9_WaitBuild_Title,Issues in Build,Проблемы в билде,构建中的问题
A_PHC_9_WaitBuild_NarrativeDescription,"Building process could take some time, please be patient until you see a popup!\n\nThe popup will appear once your build has failed due to critical compilation issues. Let’s look at these errors together","Процесс сборки может занять некоторое время, пожалуйста, будьте терпеливы и дождитесь появления всплывающего окна!\n\nВсплывающее окно появится, когда сборка будет отменена из-за наличия критических ошибок компиляции. Давайте посмотрим на эти ошибки вместе",构建过程可能需要一些时间，请耐心等待，直到您看到一个弹出窗口！\n\n一旦您的构建由于关键的编译问题而失败，就会出现该弹出窗口。让我们一起来看看这些错误
A_PHC_9_WaitBuild_InstructionTitle,-,-,-
A_PHC_9_WaitBuild_InstructionDescription,➜ Click ‘Open’ on the popup,➜ Нажмите ‘Открыть’ во всплывающем окне,➜ 点击弹出窗口的 ‘打开’ 按钮
,,,
A_PHC_10_ShowPHCIssues_Title,Check Project issues,Проверка ошибок в проекте,检查项目问题
A_PHC_10_ShowPHCIssues_NarrativeDescription,"The results of diagnostics are shown here in the form of an easy traffic light system to show the current readiness of your playable. These are based on four categories that play an important role in your playable ad experience.\nYou can read about <a href=""https://docs.lunalabs.io/docs/playable/code/project-diagnostics"">each category in our developer docs</a>\n\nLet’s look into the issues","Здесь показаны результаты диагностики в виде простой системы светофора, которая отражает готовность Вашего плеебла. Система основана на четырех категориях, которые имеют большое влияние на плеебл.\nВы можете узнать больше о <a href=""https://docs.lunalabs.io/docs/playable/code/project-diagnostics"">каждой категории в документации</a>\n\nДавайте взглянем на ошибки","诊断结果会以简单的红绿灯系统的形式列出，以反映可玩广告当前的准备情况。检测到的问题将基于可玩广告开发流程的四个重点进行归类。\n您可以在我们的<a href=""https://docs.lunalabs.io/docs/playable/code/project-diagnostics"">开发者文档</a>中了解各个重点\n\n让我们来看看这些问题"
A_PHC_10_ShowPHCIssues_InstructionTitle,-,-,-
A_PHC_10_ShowPHCIssues_InstructionDescription,➜ Click on ‘Core functionality’ to open issues in the category,"➜ Нажмите на ‘Главная функционаьность’, чтобы увидеть ошибки в этой категории",➜ 点击 ‘核心功能’ 以列出该类下的问题
,,,
A_PHC_11_GoCode_Title,Code Exclusion,Исключение кода,代码排除
A_PHC_11_GoCode_NarrativeDescription,"Next, we’ll learn about Code Exclusion. It is an effective way to quickly fix build errors arising due to unnecessary code.\n\nPlayable Plugin provides the ability to exclude certain C# code from compilation. This is useful in cases when your Unity project contains APIs that are not supported or required by Playable Plugin, but could result in either bloating your build, or causing compilation issues.","Далее, мы изучим исключение кода. Это эффективный способ быстро исправить ошибки сборки, вызванные необязательным кодом.\n\nPlayable Plugin дает возможность исключить определенный код на C# из компиляции. Это полезно в случаях, когда Ваш Unity проект содержит API, который не поддерживается или не требуется Playable Plugin, но может приводить к раздуванию размера билда или появлению ошибок компиляции.",接下来，我们将了解代码排除。这是快速修复由于不必要的代码引起的构建错误的有效方法。\n\nPlayable Plugin 提供了从编译中排除某些 C# 代码的功能。这在 Unity 项目中包含 Playable Plugin 不支持的 API，或不需要但可能会导致您的构建占用大量空间或导致编译问题的 API 的情况下非常有用。
A_PHC_11_GoCode_InstructionTitle,-,-,-
A_PHC_11_GoCode_InstructionDescription,Navigate to 'Code' section,Перейдите в секцию 'Код',点击 ‘代码’ 选项
,,,
A_PHC_12_GoExclusions_Title,Code Exclusion,Исключение кода,代码排除
A_PHC_12_GoExclusions_NarrativeDescription,"In the Exclusions tab, you’ll find a list of all C# files in your build. You can either choose to exclude entire script (code excludes) or parts of a script (block excludes)",Во вкладке Исключения Вы найдете список всех C# файлов в билде. Вы можете выбрать исключить ли весь файл (исключение кода) или его части (исключение блока).,在排除面板中，您将找到构建中所有 C# 文件的列表。您可以选择排除整个脚本（代码排除）或部分脚本（块排除）
A_PHC_12_GoExclusions_InstructionTitle,-,-,-
A_PHC_12_GoExclusions_InstructionDescription,➜ Go to ‘Exclusions’ tab,➜ Перейдите во вкладку ‘Исключения’,➜ 点击 ‘排除’ 面板
,,,
A_PHC_13_ExcludeCode_Title,Excluding script file,Исключение файла скрипта,排除脚本
A_PHC_13_ExcludeCode_NarrativeDescription,"In the tutorial, we’ve introduced a few scripts that are not supported by Playable Plugin and should not be a part of your build.\n\nFirst, let’s learn how to code exclude. We will remove a file called ‘SomeNotSupportedAPIUsageExample1’ from build.","В этом руководстве мы добавили несколько скриптов, которые не поддерживаются в Playable Plugin и не должны быть частью билда.\n\nДля начала, давайте узнаем как исключать код. Мы удалим файл под названием ‘SomeNotSupportedAPIUsageExample1’ из билда.",在本教程中，我们引入了一些不被 Playable Plugin 支持且不应包含在您的构建中的脚本。\n\n首先，让我们学习如何进行代码排除。我们将从构建中删除名为 ‘SomeNotSupportedAPIUsageExample1’ 的文件。
A_PHC_13_ExcludeCode_InstructionTitle,-,-,-
A_PHC_13_ExcludeCode_InstructionDescription,➜\n1. Find the file from search bar or locate it in hierarchy Game > ‘SomeNotSupportedAPIUsageExample1’.\n2. Click on the checkbox next to it to mark it for exclusion.,"➜\n1. Используйте строку поиска или найдите в иерархии Game > ‘SomeNotSupportedAPIUsageExample1’.\n2. Нажмите на флажок рядом с элементом, чтобы исключить его.",➜\n1. 从搜索栏寻找文件或者选择文件夹 Game > ‘SomeNotSupportedAPIUsageExample1’.\n2. 勾选以将其标记为排除。
,,,
A_PHC_14_OpenSolution_Title,Excluding part of code,Исключение части кода,排除部分代码
A_PHC_14_OpenSolution_NarrativeDescription,"Next, let’s learn how to block exclude. We will remove a specific part of code from ‘SomeNotSupportedAPIUsageExample2’ file in from build\n\nThis method is advisable in situations where excluding full file is not possible without reworking the project. This can be when you have other parts of code in the file that are still required or referred in other places.","Теперь изучим как иключить блок кода. Мы исключим определенный участок кода в файле ‘SomeNotSupportedAPIUsageExample2’ из билда\n\nЭтот метод рекомендуется в тех случаях, когда исключение всего файла невозможно без переработки проекта. Это может происходить, когда другие блоки кода в файле необходимы или используются в других местах.",接下来，让我们学习如何进行块排除。我们将从构建中的 ‘SomeNotSupportedAPIUsageExample2’ 文件中删除特定部分代码\n\n在无法排除整个脚本的情况下（文件中有大量代码仍需要被使用或在其他地方进行引用时），建议使用此方法。
A_PHC_14_OpenSolution_InstructionTitle,-,-,-
A_PHC_14_OpenSolution_InstructionDescription,➜\n1. Click on ‘Open Playable Solution’. Playable Plugin will open your IDE\n2. Locate ‘SomeNotSupportedAPIUsageExample2’ class\n3. Comment out the below code\nvar label = new UnityEngine.UIElements.Label (“I am not supported in Playable Plugin ”);,➜\n1. Нажмите на ‘Открыть Playable решение’. Playable Plugin откроет Вашу IDE\n2. Найдите класс ‘SomeNotSupportedAPIUsageExample2’\n3. Закомментируйте код ниже\nvar label = new UnityEngine.UIElements.Label (“I am not supported in Playable Plugin ”);,➜\n1. 点击 ‘打开 Playable 解决方案’. Playable Plugin 将会打开您的 IDE\n2. 找到 ‘SomeNotSupportedAPIUsageExample2’ 类\n3. 注释掉以下代码\n<var label = new UnityEngine.UIElements.Label (“I am not supported in Playable Plugin ”):>
,,,
A_PHC_15_FixAllButton_Title,Fix All,Исправить все,修复全部
A_PHC_15_FixAllButton_NarrativeDescription,"Once you use this option, you’ll make it your best friend. Usually your project will have issues related to incorrect or incompatible project settings. Often these errors arise due to WebGL and platform limitations.\n\nPlayable Plugin is able to fix most of such issues automatically, so you won’t have to spend time fixing them yourself.","Однажды использовав эту опцию, Вы поймете, что она - незаменима. Обычно Ваш проект будет иметь проблемы, связанные с некорректными настройками проекта. Часто эти ошибки всплывают из-за WebGL и ограничений платформы.\n\nPlayable Plugin может исправить большинство таких проблем автоматически, чтобы Вы не тратили свое время.",一旦您使用了这个选项，它将成为你最好的伙伴。您的项目中可能会包含错误或者不兼容的设置，而且这些错误通常是由 WebGL 和平台限制引起的。\n\nPlayable Plugin 能够自动修复大部分此类问题，因此您不必花时间手动处理。
A_PHC_15_FixAllButton_InstructionTitle,-,-,-
A_PHC_15_FixAllButton_InstructionDescription,"➜ Hit ‘Fix All’ button to confirm the list of fixes that Playable Plugin will apply. In this tutorial, an error related to <color scheme> will be auto-fixed","➜ Нажмите кнопку ‘Починить все’, чтобы подтвердить список исправлений, которые будут применены Playable Plugin. В этом руководстве ошибка, связанная с цветовой схемой, будет автоматически исправлена",➜ 点击 ‘修复全部’ 按钮以确认 Playable Plugin 将要修复的问题的列表。本教程将自动修复与 <color scheme> 相关的错误
,,,
A_PHC_SelectPHCIssue_Title,Review issues,Просмотр ошибок,检查问题
A_PHC_SelectPHCIssue_NarrativeDescription,"Issues listed in Core functionality are very important and you must pay attention to them. Playable Plugin checks for issues that can break your playable, or cause unexpected behavior.\nThese may include things like fatal compiler errors, naming collisions, reserved keywords.","Ошибки перечисленные в Главной функциональности очень важны и Вам стоит уделить им внимание. Playable Plugin проверяет на ошибки, которые могут сломать Ваш плеебл или привести к неожиданному поведению.\nЭто может включать такие вещи, как критические ошибки компиляции, коллизии имен, использование зарезервированных ключевых слов.",核心功能中列出的问题非常重要，您必须注意它们。 Playable Plugin 检测可能会导致可玩广告奔溃或意外出错的潜在问题。\n这些问题包括严重的编译器错误、命名冲突、保留关键字等问题。
A_PHC_SelectPHCIssue_InstructionTitle,-,-,-
A_PHC_SelectPHCIssue_InstructionDescription,➜ Click on an error to read details,"➜ Нажмите на ошибку, чтобы узнать детали",➜ 点击任意一个错误以查看详情
,,,
A_PHC_CheckIssues_Title,Issue Details,Детали ошибки,问题详情
A_PHC_CheckIssues_NarrativeDescription,"Each issue log comes with a unique error code attached to it. These also point to our developer docs where you can read an explanation and steps to fix that issue.\nTo open the code file which the error is pointing to, you can simply double click on the error log and it will open the Unity script code where the error occurs.\n\nOur <a href=""https://docs.lunalabs.io/docs/playable/common-issues/overview"">Common Issues guide</a> in the docs provides a comprehensive list of all issues that you are likely to find and what you can do to fix them.","Каждый лог ошибки содержит уникальный код ошибки. Они также перечислены в нашей документации, где Вы можете почитать о них подробнее и найти шаги решения проблемы.\nДвойным кликом по логу ошибки Вы можете открыть файл кода, в котором эта ошибка была найдена.\n\nНаше <a href=""https://docs.lunalabs.io/docs/playable/common-issues/overview"">Руководство по частым ошибкам</a> в документации предоставляет большой список всех ошибок, которые Вы, вероятно, встретите, а также информацию, как их решить.","每一条问题记录都会附带一个独特的错误代码。它们指向我们的开发者文档，您可以查看解释并且根据提供的步骤进行修复。\n如果需要打开出错的文件，您只需双击错误记录即可。
\n\n我们的<a href=""https://docs.lunalabs.io/docs/playable/common-issues/overview"">常见问题手册</a> 列出了所有已知的问题以及解决方案。"
A_PHC_CheckIssues_InstructionTitle,-,-,-
A_PHC_CheckIssues_InstructionDescription,➜ Click next to fix some errors in this project,"➜ Нажмите далее, чтобы исправить некоторые ошибки в проекте",➜ 点击下一步以对项目进行修复
,,,
FinishPHC_Title,Well done,Отлично,做得好
FinishPHC_NarrativeDescription,You just learned how to resolve issues with your build using the Playable Health Check!,"Вы только что узнали, как исправлять ошибки в Вашем билде используя Диагностику проекта!",您刚刚了解了如何使用 Playable Health Check 解决构建问题！
FinishPHC_InstructionTitle,-,-,-
FinishPHC_InstructionDescription,-,-,-
,,,
A_SB_3_GoSizeBreakdown_Title,Introduction,Введение,介绍
A_SB_3_GoSizeBreakdown_NarrativeDescription,Size Breakdown enables you to get a detailed breakdown of your Playable Plugin build. We recommend using this feature to identify which parts of your build take space and eliminate bits that you don’t need.,"Анализ размера предоставляет Вам детальный отчет о Вашем плеебле. Мы рекомендуем использовать эту функционаьность, чтобы определить, какие части билда занимают больше пространства и, по необходимости, убрать их из билда.",大小细分将会生成一份 Playable Plugin 构建中资源占用大小的详细列表。我们建议使用此功能来确定构建的哪些部分占用了过多空间，并对不需要的资源进行排除。
A_SB_3_GoSizeBreakdown_InstructionTitle,-,-,-
A_SB_3_GoSizeBreakdown_InstructionDescription,➜ Open ‘Size Breakdown’ section,➜ Откройте секцию ‘Анализ размера’,➜ 点击 ‘大小细分’ 选项
,,,
A_SB_4_SBEstimateSize_Title,Estimate Size,Оценка размера,估算大小
A_SB_4_SBEstimateSize_NarrativeDescription,"Playable Plugin attempts to estimate the size breakdown as precisely as possible. To do this, you’ll need to rebuild your project so that Playable Plugin can analyse and provide you with a breakdown of each asset in your build.","Playable Plugin старается провести оценку размера как можно точнее. Для этого необходимо пересобрать проект, так Playable Plugin сможет проанализировать и предоставить оценку для каждого ассета в билде.",Playable Plugin 会尝试尽可能准确地计算构建的大小。为此，您需要重建您的项目，以便 Playable Plugin 可以分析并为您提供构建中每个素材占用空间的细节。
A_SB_4_SBEstimateSize_InstructionTitle,-,-,-
A_SB_4_SBEstimateSize_InstructionDescription,Click 'Build & Estimate size' button,Нажмите кнопку 'Оценка размера',点击 ‘构建并估算大小’ 按钮
,,,
A_SB_5_SBWaitBuild_Title,See asset breakdown,Изучение размера ассета,查看资源细分
A_SB_5_SBWaitBuild_NarrativeDescription,"As soon as you identify what takes space in your build, next step is to eliminate what you don’t need.\n\nAlthough it’s tempting to think everything in your build makes sense, it is actually easy to miss some assets that are not in use and can be removed. Often they are found residing in Resources folder of your project.","Как только Вы разберетесь, что занимает место в билде, следующий шаг - избавиться от того, что Вам не нужно.\n\nХотя может казаться, что все в Вашем билде необходимо, бывает просто упустить какие-то ассеты, которые не используются и могут быть исключены. Часто их можно найти в папке Resources Вашего проекта.",一旦确定了构建中包含了哪些资源，下一步就是排除不需要的文件。\n\n尽管大多数人认为构建中的所有文件都有用，但实际上很容易遗留一些不需要却可以删除的资源。它们通常位于项目的 Resources 文件夹中。
A_SB_5_SBWaitBuild_InstructionTitle,-,-,-
A_SB_5_SBWaitBuild_InstructionDescription,➜ Click next when build is ready,"➜ Нажмите далее, когда билд будет собран",➜ 构建完成后点击下一步
,,,
A_SB_6_CompressionSettingsChange_Title,Change compression settings,Изменение настроек сжатия,更改压缩设定
A_SB_6_CompressionSettingsChange_NarrativeDescription,"Including huge assets in your playable can impact its performance, like the startup time. Moreover, every ad network has <a href=""https://docs.lunalabs.io/docs/playable/ad-networks/overview/"">size limitations</a>.\n\n<a href=""https://docs.lunalabs.io/docs/playable/optimise-your-builds/optimising-assets/overview"">Asset compression</a> is a helpful technique to ensure assets use the best possible size and memory.","Включение больших ассетов в плеебл может влиять на производительность, например, время запуска. Более того, каждая рекламная сеть имеет <a href=""https://docs.lunalabs.io/docs/playable/ad-networks/overview/"">ограничения размера</a>.\n\n<a href=""https://docs.lunalabs.io/docs/playable/optimise-your-builds/optimising-assets/overview"">Сжатие ассетов</a> полезная техника для того, чтобы убедиться, что ассеты используют лучшие настройки размера и занимаемой памяти.","在您的可玩广告中包含大的素材会影响其性能，例如启动时间。此外，每个广告网络都有<a href=""https://docs.lunalabs.io/docs/playable/ad-networks/overview/"">上传大小限制</a>.\n\n<a href=""https://docs.lunalabs.io/docs/playable/optimise-your-builds/optimising-assets/overview"">资源压缩</a> 可以确保资源尽可能占用较小的空间和内存。"
A_SB_6_CompressionSettingsChange_InstructionTitle,-,-,-
A_SB_6_CompressionSettingsChange_InstructionDescription,➜\n1. Select any asset from the list (e.g. pick one from Textures folder)\n2. Notice a panel appear on the right\n3. Change is compression settings from panel (e.g. Format or Compression type),"➜\n1. Выберите любой ассет из списка (например, выберите что-то из папки Textures)\n2. Взгляните на панель справа\n3. Измените настройки сжатия на панели (например, Формат или Компрессия)",➜\n1。从列表中选择任何资源（例如从 Textures 文件夹中选择一个）\n2.注意右侧出现一个面板\n3.在面板中更改它的压缩设置（例如格式或压缩类型）
,,,
A_SB_RecalculateAssetSize_Title,Recalculate Size,Перерасчет размера,重新计算大小
A_SB_RecalculateAssetSize_NarrativeDescription,"It helps you see exactly how updating any compression settings change your build’s size.\n\nWe recommend using this option to quickly check and modify your settings, instead of waiting to rebuild your entire project.","Это позволяет Вам видеть, как изменение настроек сжатия влияет на размер билда.\n\nМы рекомендуем использовать эту опцию, чтобы быстро проверить и изменить настройки, вместо ожидания полной пересборки проекта.",它可以帮助您准确了解更新压缩设置后对构建大小的影响。\n\n我们建议使用此选项快速检查和修改您的设置，而不是等待重建整个项目。
A_SB_RecalculateAssetSize_InstructionTitle,-,-,-
A_SB_RecalculateAssetSize_InstructionDescription,➜ Click ‘Recalculate asset size’ to revise your build’s size,"➜ Нажмите ‘Пересчитать размер ассета’, чтобы обновить размер билда",➜ 点击 ‘重新计算素材大小’ 以查看新的构建大小
,,,
A_SB_FinishSizeBreakdown_Title,Done!,Готово!,完成！
A_SB_FinishSizeBreakdown_NarrativeDescription,You now know how easy it is to optimize your playable’s size,"Теперь Вы знаете, как это просто - оптимизировать размер плеебла",您现在了解了如何快速优化构建大小
A_SB_FinishSizeBreakdown_InstructionTitle,-,-,-
A_SB_FinishSizeBreakdown_InstructionDescription,-,-,-
,,,
A_SB_ExcludeAsset_Title,Remove Redundant Assets,Удаление неиспользуемых ассетов,排除冗余资源
A_SB_ExcludeAsset_NarrativeDescription,Removing assets that are not needed or redundant can make a huge difference in optimizing your build size,"Удаление ассетов, которые не используются, может оказать значительное влияние на оптимизацию размера",排除不需要或冗余的资源可以在优化构建大小方面产生巨大差异
A_SB_ExcludeAsset_InstructionTitle,-,-,-
A_SB_ExcludeAsset_InstructionDescription,➜ Click on exclude icon to remove any asset from the next build,"➜ Нажмите на икону исключения, чтобы исключить ассет из следующего билда",➜ 点击排除图标，下次构建将会跳过该资源
,,,
A_SB_IncludeAsset_Title,Adding back Assets,Включение ассетов,重新添加资源
A_SB_IncludeAsset_NarrativeDescription,"Changed your mind? No problem.\n\nIf you think you still need the asset in your build, simply undo your action.","Передумали? Не проблема.\n\nЕсли Вы считаете, что Вам нужен ассет в билде, просто отмените действие.",改变主意了吗？没问题。\n\n如果您认为您仍然需要构建中包含特定的资源，您只需撤消您的操作。
A_SB_IncludeAsset_InstructionTitle,-,-,-
A_SB_IncludeAsset_InstructionDescription,➜ Click on include icon to add the asset back in build,"➜ Нажмите на иконку включения ассета, чтобы вернуть ассет билд",➜ 点击包含图标，下次构建将包括该资源
,,,
A_PGF_Introduction_Title,Introduction,Введение,介绍
A_PGF_Introduction_NarrativeDescription,"With Playable Plugin anyone in your team can create multiple variations of your playable ads within seconds from the Playable Editor in your Creative Suite account. This won’t need you to change code and rebuild project each time. How does that sound?\n\nAll you need to do is enable <a href=""https://docs.lunalabs.io/docs/playable/playable-setup/configure-game-variables#lunaplaygroundfield"">Playground Fields</a> or <a href=""https://docs.lunalabs.io/docs/playable/playable-setup/configure-game-variables/#lunaplaygroundasset"">Playground Asset</a> attributes in your code.\n\nWe’ve added some examples in the code for you, let’s check them.","С Playable Plugin, каждый член Вашей команды может создавать множество вариаций Вашего плеебла за секунды, используя Playable Editor в аккаунте Creative Suite. Для этого не нужно каждый раз изменять код и пересобирать проект. Как Вам такое?\n\nВсе что Вам нужно - это включить атрибуты <a href=""https://docs.lunalabs.io/docs/playable/playable-setup/configure-game-variables#lunaplaygroundfield"">Playground полей</a> или <a href=""https://docs.lunalabs.io/docs/playable/playable-setup/configure-game-variables/#lunaplaygroundasset"">Playground ассетов</a> в Вашем коде.\n\n Мы добавили для Вас несколько примеров в коде, давайте взглянем на них.","通过使用 Playable Plugin，您团队中的任何人都可以在短时间内从您的 Creative Suite 帐户中的 Playable Editor 中创建可玩广告的多种变体。这不需要您每次都更改代码和重建项目。听上去不错吧？\n\n为此您只需要在代码中使用<a href=""https://docs.lunalabs.io/docs/playable/playable-setup/configure-game-variables#lunaplaygroundfield"">可调参数</a>或者<a href=""https://docs.lunalabs.io/docs/playable/playable-setup/configure-game-variables/#lunaplaygroundasset"">可调资源</a>标签。\n\n我们已经为您准备好了一些案例，快来看看吧。"
A_PGF_Introduction_InstructionTitle,-,-,-
A_PGF_Introduction_InstructionDescription,"➜ Once you click Next, we will open your IDE and show a code example. Pay attention to lines 21 to 30","➜ Когда Вы нажмете далее, мы откроем Вашу IDE и покажем пример кода. Обратите внимание на строчки с 21 по 30",➜ 在点击下一步后，我们将会打开您的 IDE 并且展示代码案例。请注意第 21 到 第 30 行
,,,
A_PGF_DescribePGF_Title,Playground fields,Playground поля,可调参数
A_PGF_DescribePGF_NarrativeDescription,"LunaPlaygroundField is the most common Playable Plugin attribute, and should be used for scriptable game objects you wish to modify from the playable editor.\n\n<a href=""https://docs.lunalabs.io/docs/playable/playable-setup/configure-game-variables/#lunaplaygroundfield:~:text=the%20end%20card.-,Supported%20Types,-String"">Head to our dev docs</a> to learn about all supported types.","LunaPlaygroundField - это самый используемый атрибут в Playable Plugin, который нужно  применять к объектам скриптов, которые Вы хотите изменять в редакторе плееблов.\n\n<a href=""https://docs.lunalabs.io/docs/playable/playable-setup/configure-game-variables/#lunaplaygroundfield:~:text=the%20end%20card.-,Supported%20Types,-String"">Изучите нашу документацию</a>, чтобы узнать больше о поддерживаемых типах.","LunaPlaygroundField 是 Playable Plugin 最常用的标签，并且适用于您需要从 Playable Editor 进行随时修改的游戏物体。\n\n请参考我们的<a href=""https://docs.lunalabs.io/docs/playable/playable-setup/configure-game-variables/#lunaplaygroundfield:~:text=the%20end%20card.-,Supported%20Types,-String"">开发者文档</a>查看全部支持的数据类型。"
A_PGF_DescribePGF_InstructionTitle,-,-,-
A_PGF_DescribePGF_InstructionDescription,➜ Click next to preview Playground Fields,"➜ Нажмите далее, чтобы просмотреть Playground поля",➜ 点击下一步预览可调参数
,,,
A_PGF_CheckBuild_Title,Playground Fields,Playground поля,可调参数
A_PGF_CheckBuild_NarrativeDescription,"Here’s how the Playground Fields will appear, when you preview your playable in the Dev Environment. You can check how your playable updates as you modify these fields.\n\nIn the playable editor, you can use these fields to create and save multiple versions of the same playable.","Вот как будут выглядеть Playground поля, когда Вы откроете Ваш плеебл в Окружении разработчика. Вы можете посмотреть, как изменится плеебл при изменении этих полей.\n\nВы можете использовать эти поля в редакторе плееблов, чтобы создавать и сохранять множество версий одного плеебла.",当您在开发环境中预览可玩广告时，可调参数的显示方式如下所示。您可以在修改这些参数后查看可玩广告的变化。\n\n在 Playable Editor 中，您可以使用这些参数创建和保存同一可玩广告的多个版本。
A_PGF_CheckBuild_InstructionTitle,-,-,-
A_PGF_CheckBuild_InstructionDescription,-,-,-
,,,
A_PGF_CustomEvents_Title,Custom Events,Пользовательские события,自定义事件
A_PGF_CustomEvents_NarrativeDescription,"Diving deep into your playable performance beyond the ad network metrics is key to understanding what makes your creatives succeed.\n\nPlayable Plugin captures a few <a href=""https://docs.lunalabs.io/docs/playable/playable-setup/analytics/standard-events"">Standard Events</a> automatically for every playable that is created for a supported ad network.\n\nAdditionally, you can implement <a href=""https://docs.lunalabs.io/docs/playable/playable-setup/analytics/custom-events"">Custom Events</a> to track more playable specific events.","Playable plugin предоставляет более глубокий анализ и понимание вашего плеебла по сравнению с метриками рекламных сетей - вот, что помогает Вашим креативам быть успешными.\n\nPlayable Plugin собирает некоторые <a href=""https://docs.lunalabs.io/docs/playable/playable-setup/analytics/standard-events"">стандартные события</a> автоматически для каждого плеебла, который создан под рекламную сеть, которая это поддерживает.\n\nДополнительно, Вы можете реализовать <a href=""https://docs.lunalabs.io/docs/playable/playable-setup/analytics/custom-events"">пользовательские события</a>, чтобы отслеживать больше событий, специфичных для Вашего плеебла.","在广告网络提供的指标之外，深入研究可玩广告性能是让您的创意取得成功的关键所在。\n\nPlayable Plugin 会为每个可玩广告在支持的广告网络上自动记录 <a href=""https://docs.lunalabs.io/docs/playable/playable-setup/analytics/standard-events"">基础事件</a>。\n\n此外，您可以添加<a href=""https://docs.lunalabs.io/docs/playable/playable-setup/analytics/custom-events"">自定义事件</a>来记录并分析用户在可玩广告中的交互过程。"
A_PGF_CustomEvents_InstructionTitle,-,-,-
A_PGF_CustomEvents_InstructionDescription,Click Next to open an example we added in your playable. Look for lines 13 & 14,"Нажмите далее, чтобы открыть пример, который мы для Вас подготовили. Обратите внимание на строки 13 и 14",点击下一步打开案例。请注意第 13 和 第 14 行
,,,
A_PGF_PlaygroundAsset_Title,Playground Assets,Playground ассеты,可调素材
A_PGF_PlaygroundAsset_NarrativeDescription,"Playable Plugin also supports configurable assets that you can use in your build and update from your playable editor.\n\n<a href=""https://docs.lunalabs.io/docs/playable/playable-setup/configure-game-variables/#lunaplaygroundasset"">Read our developer docs</a> to learn more about Playground Assets.","Playable Plugin также поддерживает конфигурируемые ассеты, которые Вы можете встроить в билд и обновлять в редакторе плееблов.\n\n<a href=""https://docs.lunalabs.io/docs/playable/playable-setup/configure-game-variables/#lunaplaygroundasset"">Изучите нашу документацию</a>, чтобы узнать больше про Playground ассеты.","Playable Plugin 还支持从 Playable Editor 中修改可配置的素材。
\n\n请查阅我们的<a href=""https://docs.lunalabs.io/docs/playable/playable-setup/configure-game-variables/#lunaplaygroundasset"">开发者文档</a>了解可调素材详情。"
A_PGF_PlaygroundAsset_InstructionTitle,-,-,-
A_PGF_PlaygroundAsset_InstructionDescription,➜ Click Next to open IDE for an example. You’ll find it in lines 17 to 25,"➜ Нажмите далее, чтобы открыть Вашу IDE и увидеть пример. Вы найдете его в строках с 17 по 25",➜ 点击下一步在 IDE 打开案例。请注意第 17 到 第 25 行
,,,
A_PGF_Finish_Title,Done!,Готово!,完成！
A_PGF_Finish_NarrativeDescription,"Now you know how you can unlock multiple iterations and deeper insights for your playables, in no time","Теперь Вы знаете, как разблокировать итерации и более глубокое понимание Вашего плеебла, не тратя время",您现在知道了如何快速为您的可玩广告创建多个版本和打点收集自定义事件
A_PGF_Finish_InstructionTitle,-,-,-
A_PGF_Finish_InstructionDescription,-,-,-
,,,
A_Debug_DebuggingIntroduction_Title,Introduction,Введение,介绍
A_Debug_DebuggingIntroduction_NarrativeDescription,"There are many factors that indicate the quality and performance of a playable.\n\nIn this tutorial, you will learn how to evaluate the quality of your playable and different ways to investigate and debug issues in your build.\n\nBefore we being this tutorial, keep your Develop build prepared.","Существует много факторов, которые отражают качество и производительность плеебла.\n\nВ этом руководстве Вы изучите, как поднять качество Вашего плеебла, а также различные способы изучения и отладки проблемных мест в плеебле.\n\nПрежде, чем начать изучение, подготовьте Develop билд.",有许多要素可以体现可玩广告的质量和性能。\n\n在本教程中，您将学习如何对可玩广告的质量与性能进行评估，以及了解检查和调试构建中问题的不同方法。\n\n在开始本教程前，请准备好您的 Develop 版本。
A_Debug_DebuggingIntroduction_InstructionTitle,-,-,-
A_Debug_DebuggingIntroduction_InstructionDescription,➜ Open your Develop build in Dev Environment. Click Start when you’re ready,"➜ Откройте Ваш Develop билд в Окружении разработчика. Нажмите Начать, когда будете готовы",➜ 在开发环境打开 Develop 版本。准备好后点击 开始
,,,
A_Debug_OpenBuild_Title,Debugging & QA,Отладка и тестирование,调试 & QA
A_Debug_OpenBuild_NarrativeDescription,We will check everything in develop build (using dev environment).,Мы проверим все в Develop билде (используя Окружении разработчика).,我们将在 Develop 版本中检查所有的问题（在开发环境下）。
A_Debug_OpenBuild_InstructionTitle,-,-,-
A_Debug_OpenBuild_InstructionDescription,Please prepare build if needed & start server. Click next and return back when you are ready.,"Пожалуйста, подготовьте билд, если необходимо, и  запустите сервер. Нажмите далее и возвращайтесь, когда все будет готово.",请准备好构建并启动本地服务器。点击下一步并在准备就绪后返回。
,,,
A_Debug_PerformanceIndicator_Title,Performance indicator,Индикатор производительности,性能指示
A_Debug_PerformanceIndicator_NarrativeDescription,"When building your playable experience in Unity and C# for an HTML5 based web browser, it becomes crucial to ensure best possible user experience.\n\nPerformance Indicatory is one of the most important aspects of the Dev Environment. It helps you better understand and identify performance breakdown of your playable.\n\nClick on the Playable Performance Score (Good | Fair | Poor) to expand the panel. The panel shows a detailed breakdown of playable runtime and memory consumption.\nOur <a href=""https://docs.lunalabs.io/docs/playable/optimise-your-builds/performance-indicator"">developer docs</a> explain the breakdown in detail and what you can do to improve your playable’s performance score.","Когда Вы собираете плеебл в Unity с C# для HTML5 браузера, очень важно обеспечить лучший пользовательский опыт.\n\nИндикатор производительности - это одна из важнейших функций в Окружении разработчика. Он позволяет лучше понимать и оценивать производительность Вашего плеебла.\n\nНажмите на Playable Performance Score (Good | Fair | Poor), чтобы раскрыть панель. Панель показывает детальную разбивку данных о производительности и потреблении памяти.\nНаша <a href=""https://docs.lunalabs.io/docs/playable/optimise-your-builds/performance-indicator"">документация разработчика</a> дает детальное описание и рекомендации, что Вы можете улучшить, чтобы повысить оценку производительности Вашего плеебла.","由于可玩广告是由 Unity 和 C# 转译，并且基于 HTML5 在网络浏览器中运行，所以确保最佳用户体验变得至关重要。\n\n性能指示是开发环境中最重要的一个部分。它能很好地帮助您理解和辨识可玩广告的运行性能。\n\n点击 Playable Performance Score (Good | Fair | Poor) 以展开面板。该面板将显示可玩广告运行时间和内存消耗的详细分类。\n我们的<a href=""https://docs.lunalabs.io/docs/playable/optimise-your-builds/performance-indicator"">开发者文档</a> 详细说明了如何提升可玩广告的性能。"
A_Debug_PerformanceIndicator_InstructionTitle,-,-,-
A_Debug_PerformanceIndicator_InstructionDescription,-,-,-
,,,
A_Debug_FrameDebuger_Title,Frame Debugger,Отладчик кадра,帧调试器
A_Debug_FrameDebuger_NarrativeDescription,"SpectorJS is a third-party library that can be used to inspect any WebGL content (supported by Chrome and Firefox).\n\nFor Playable Plugin, Spector can be a useful tool to help with frame-by-frame debugging \n\nTo use the frame debugger, simply add ‘?spector’ argument at the end of URL when running a Develop build (in Dev Environment) or specific ad network build (when previewing from Creative Library).\n\nYou can press the red record button for debugger to start collecting data. A panel will appear with detailed information about each frame. Our <a href=""https://docs.lunalabs.io/docs/playable/code/luna-in-browser/spector-js/"">developer docs</a> cover all that you need to know about frame debugger.","SpectorJS -  это внешняя библиотека, которую можно использовать для изучения любого WebGL контента (поддерживается в Chrome и Firefox).\n\nДля Playable Plugin, Spector может быть полезным инструментом для покадровой отладки \n\nЧтобы воспользоваться отладчиком кадра - просто добавьте аргумент ‘?spector’ в конце URL адреса, находясь на странице Develop билда (в Окружении разработчика) или странице билда для конкретной рекламной сети (при просмотре в Creative Library).\n\nВы можете нажать красную кнопку записи, чтобы отладчик начал собирать данные. Появится панель с детальной информацией про каждый кадр. Наша <a href=""https://docs.lunalabs.io/docs/playable/code/luna-in-browser/spector-js/"">документация</a> раскажет все, что Вам нужно знать про отладчик кадра.","SpectorJS 是一个可以用来调试 WebGL 渲染的第三方库（支持 Chrome 和 火狐）。\n\nSpectorJS 在 Playable Plugin 逐帧调试上非常有用。\n\n您可以在 Develop 版本 URL 的最后添加 ‘?spector’ 来启用它，亦或者是在预览 Creative Library 版本的时候。\n\n您可以点击红色的录像按钮来收集数据。一个记录每一帧渲染细节的面板将会显示出来。我们的 <a href=""https://docs.lunalabs.io/docs/playable/code/luna-in-browser/spector-js/"">开发者文档</a> 详细说明了关于使用帧调试器的内容。"
A_Debug_FrameDebuger_InstructionDescription,-,-,-
A_Debug_FrameDebuger_InstructionTitle,-,-,-
,,,
A_Debug_QRCode_Title,Mobile device testing,Тестирование на мобильном устройстве,移动设备测试
A_Debug_QRCode_NarrativeDescription,Dev Environment helps to preview your Develop build on local browser. But it is also essential to test how playable will perform on an actual device.\n\nYou’ll notice a QR code at the top. Scan it on your mobile device to see a preview of your playable build on your device browser.\nYour device will need to be connected to the same wifi network as your system running the local server.,"Окружение разработчика помогает в просмотре Вашего Develop билда локально в браузере. Но также необходимо тестировать, как плеебл будет работать на настоящем устройстве.\n\nВы можете найти QR код вверху страницы. Сканируйте его Вашим мобильным устройством, чтобы увидеть превью Вашего билда в браузере Вашего устройства.\nВаше устройство должно быть подключено к той же Wi-Fi сети, что и компьютер, где запущен локальный сервер.",开发环境能够帮助您在本地浏览器上预览 Develop 版本。但是测试可玩广告在实际设备上的性能也非常重要。\n\n您可以注意到页面顶端有一个二维码。您可以用移动设备扫描它并且在设备的浏览器中进行预览。\n您的设备需要连接到和本地服务器使用的同一网络上。
A_Debug_QRCode_InstructionTitle,-,-,-
A_Debug_QRCode_InstructionDescription,-,-,-
,,,
A_Debug_BrowserConsole_Title,Browser console,Консоль браузера,浏览器控制台
A_Debug_BrowserConsole_NarrativeDescription,"You might already know this, but Browser Console is a powerful debugging instrument.\n\nThe most popular way to use the console is to see results of ‘Debug.Log()’ calls. You can also see loading of your playable by stages, as well as runtime warnings or errors.","Возможно, Вы уже знаете, что консоль браузера - это мощный инструмент для отладки.\n\nСамый популярный способ использования консоли - просматривать результаты вызовов ‘Debug.Log()’. Также, Вы можете видеть загрузку Вашего плеебла по этапам, ошибки и предупреждения во время выполнения кода.",或许您已经知道这一点，浏览器控制台是一个很有用的调试工具。\n\n我们通常会使用控制台查看 ‘Debug.Log()’ 方程返回的结果。您还可以按阶段查看可玩广告的加载情况，以及运行时给出的警告或触发的错误。
A_Debug_BrowserConsole_InstructionTitle,-,-,-
A_Debug_BrowserConsole_InstructionDescription,-,-,-
,,,
A_Debug_ChromeExtension_Title,Luna Debugger,Luna Debugger,Luna 调试器
A_Debug_ChromeExtension_NarrativeDescription,"Our <a href=""https://docs.lunalabs.io/docs/playable/code/luna-in-browser/luna-debugger"">Debugger Extension</a> is a powerful tool that we use all the time. And we’d love for you to use it too!\n\nYou can use the extension to inspect and debug Develop builds directly in the browser. The interface is quite similar to Unity Editor. We’ve even incorporated components like hierarchy and inspector panels so you can debug your build in real time just like you would with a Unity scene.","Наш <a href=""https://docs.lunalabs.io/docs/playable/code/luna-in-browser/luna-debugger"">Debugger Extension</a> - это мощный инструмент, который мы используем все время. И были бы рады, если бы Вы тоже его использовали!\n\nВы можете использовать расширение, чтобы просматривать и отлаживать Develop билды прямо в браузере. Интерфейс очень близок к редактору Unity. Мы даже встроили компоненты, а также панели иерархии и инспектора, таким образом Вы можете заниматься отладкой в реальном времени, прямо как в Unity.","<a href=""https://docs.lunalabs.io/docs/playable/code/luna-in-browser/luna-debugger"">Debugger Extension</a> 是我们内部常用的一个的工具。我们也希望您也能使用它！\n\n您可以使用该插件直接在浏览器中查看 Develop 版本。它的界面和 Unity Editor 非常的相似。我们甚至添加了层次结构和检查器面板等组件，因此您可以像在 Unity Editor 中一样实时调试您的构建。"
A_Debug_ChromeExtension_InstructionTitle,-,-,-
A_Debug_ChromeExtension_InstructionDescription,"➜ The Luna Debugger is free to use for everyone!\nInstall it from the <a href=""https://chrome.google.com/webstore/detail/luna-debugger/fcbfimdagbecbglbbpafobkhkfbejdnf"">Chrome Web Store.</a>.\nAfter installation, when you open the Browser Inspector you will find Luna appear in the last tab of Dev Tools","➜ Luna Debugger доступен для использования всем!\nУстановите его из <a href=""https://chrome.google.com/webstore/detail/luna-debugger/fcbfimdagbecbglbbpafobkhkfbejdnf"">Chrome Web Store</a>.\nПосле установки, когда Вы откроете инструменты разработчика в браузере - Luna будет доступна в последней вкладке в инструментах разработчика","➜ 任何人都可以免费使用 Luna Debugger ！\n请从 <a href=""https://chrome.google.com/webstore/detail/luna-debugger/fcbfimdagbecbglbbpafobkhkfbejdnf"">Chrome Web Store</a> 进行安装。\n安装完毕后，当您在浏览器打开 Develop 版本时可以看到新的 Luna 选项"
,,,
A_Debug_LunaLog_Title,Luna Log,Luna логи,Luna 日志
A_Debug_LunaLog_NarrativeDescription,"Have you heard of Luna.log? It is an important file that you need to know about to make your work life easier! \n\nLuna.log file is where we store all the details about export process - things like which stages where successful and whether something went wrong. So you can uncover exactly what happened.\n\nIt’s like having your own personal detective. If you ever hit a failed build, just check Project Diagnostics for a quick fix first, before heading to Luna.log file for an in-depth check","Слышали про Luna.log? Это важный файл, о котором Вам нужно знать, чтобы сделать Вашу жизнь проще! \n\nLuna.log - это файл, где мы храним все детали о процессе экспорта, например, какие этапы прошли успешно, а где что-то пошло не так. Так Вы можете узнать, что именно произошло.\n\nЭто примерно как иметь своего личного детектива. Если сборка билда остановится из-за ошибки, то Вы можете изучить Диагностику проекта, возможно ли быстро исправить проблему, прежде чем заглянуть в файл Luna.log для более глубокого анализа",您听说过 Luna.log 文件吗？这是一个您需要了解的重要文件，它可以让您的调试工作变得更加简单！\n\nLuna.log 是一个我们详细记录导出流程的文件 - 像是哪一个阶段顺利进行，哪一个部分出现错误，我们都可以知道。\n\n它就像是您的私人侦探。如果出现了构建失败等问题，只需进行项目诊断以快速修复，然后再前往 Luna.log 文件进行深入检查
A_Debug_LunaLog_InstructionTitle,-,-,-
A_Debug_LunaLog_InstructionDescription,➜ You’ll find this file at ~project/LunaTemp/luna.log,➜ Вы найдете этот файл по пути  ~project/LunaTemp/luna.log,➜ 您可以在 ~project/LunaTemp/luna.log 找到该文件
,,,
A_Debug_FinishDebug_Title,All done!,Все готово!,全部完成！
A_Debug_FinishDebug_NarrativeDescription,"This is it, thank you for sticking around and completing the tutorial!\n\nWe’re excited to see what you build with Playable Plugin and look forward to being a part of your creative production journey.\n\n\nWe’re around to help if you still need any support or further information. Just open a chat with us from your Creative Suite account.","Вот и все, спасибо, за следование этому руководству и его завершение!\n\nМы рады видеть, что Вы создаете вместе с Playable Plugin и надеемся быть частью Вашего путешествия по созданию креативов.\n\n\nМы рядом, чтобы помочь, если у Вас есть вопросы или нужна дополнительная информация. Просто откройте чат с нами в Вашем аккаунте Creative Suite.",感谢您坚持并完成了本教程！\n\n我们非常期待您将来制作的可玩广告，也很高兴成为您创意制作之旅的一部分。\n\n\n如果您需要任何支持或者更多信息，请从 Creative Suite 账户与我们取得联系。
A_Debug_FinishDebug_InstructionTitle,-,-,-
A_Debug_FinishDebug_InstructionDescription,-,-,-
,,,
A_Extras_Introduction_Title,Introduction,Введение,介绍
A_Extras_Introduction_NarrativeDescription,"In this section, you’ll go through some additional Playable Plugin features that you will find helpful.\n\nWe recommend using them once you have got comfortable with using Playable Plugin and want to further optimize and improve your playable development process.","В этой секции Вы узнаете про дополнительные функции, доступные в Playable Plugin, которые могут оказаться полезными для Вас.\n\nМы рекомендуем использовать их, когда Вы уже освоитесь с Playable Plugin и захотите еще больше оптимизировать и улучшить процесс разработки плееблов.",在本节中，您将了解一些 Playable Plugin 提供的额外功能。\n\n我们建议您在熟悉使用 Playable Plugin 后使用它们来进一步优化和改进您的可玩广告开发流程。
A_Extras_Introduction_InstructionTitle,-,-,-
A_Extras_Introduction_InstructionDescription,-,-,-
,,,
A_Extras_RecoucesGOSettings_Title,Resources and Streaming Assets,Ресурсы и Streaming Assets,Resouces 和 Streaming Assets
A_Extras_RecoucesGOSettings_NarrativeDescription,Let’s go back to our Build settings and learn about managing assets more efficiently.,"Давайте вернемся к настройкам билда и узнаем, как более эффективно управлять ассетами.",让我们回到 构建设置 来了解如何更高效地管理资源。
A_Extras_RecoucesGOSettings_InstructionTitle,-,-,-
A_Extras_RecoucesGOSettings_InstructionDescription,➜ Go to Settings section.,➜ Откройте секцию Настройки.,➜ 点击 设置 选项
,,,
A_Extras_RecoucesGOBasic_Title,Resources and Streaming Assets,Ресурсы и Streaming Assets,Resources 和 Streaming Assets
A_Extras_RecoucesGOBasic_NarrativeDescription,Let’s go back to our Build settings and learn about managing assets more efficiently.,"Давайте вернемся к настройкам билда и узнаем, как более эффективно управлять ассетами.",让我们回到 构建设置 来了解如何更高效地管理资源。
A_Extras_RecoucesGOBasic_InstructionTitle,-,-,-
A_Extras_RecoucesGOBasic_InstructionDescription,➜ Go to Basics section.,➜ Откройте вкладку Основные.,➜ 点击 基础 面板
,,,
A_Extras_Resources_Title,Resources and Streaming Assets,Ресурсы и Streaming Assets,Resources 和 Streaming Assets
A_Extras_Resources_NarrativeDescription,"By default Playable Plugin detects all assets in use by scenes you’ve included in your build, as a preferable starting point. This includes prefabs, textures, animations and all other resources found in the project.\n<a href=""https://docs.lunalabs.io/docs/playable/setup/export-type/#export-types-in-luna"">Click here to learn more on</a> why we use this strategy.\n\nHowever, Playable Plugin doesn’t include the special Unity folders ‘Resources’ and ‘Streaming Assets’. You need to include them if you need them in your build.","По умолчанию, Playable Plugin определяет все ассеты, используемые в сценах, как включенные в билд - это удобная стартовая точка. Этот список включает префабы, текстуры, анимации и любые другие ресурсы, найденные в проекте.\n<a href=""https://docs.lunalabs.io/docs/playable/setup/export-type/#export-types-in-luna"">Нажмите, чтобы узнать больше</a>, почему мы используем такой подход.\n\nОднако, Playable Plugin не включает специальные папки Unity: ‘Resources’ и ‘Streaming Assets’. Вам необходимо включить их, если они нужны в билде.","Playable Plugin 默认会检测所有包含场景使用到的资源。这包括 Prefabs，纹理贴图，动画以及其它所有能在项目中找到的资源。\n<a href=""https://docs.lunalabs.io/docs/playable/setup/export-type/#export-types-in-luna"">点击此处</a>了解我们为什么这么做。\n\n但是，Playable Plugin 不会自动包括 Unity 的两个特殊文件夹 ‘Resources’ 和 ‘Streaming Assets’。 如果要用到它们，您需要进行手动勾选。"
A_Extras_Resources_InstructionTitle,-,-,-
A_Extras_Resources_InstructionDescription,-,-,-
,,,
A_Extras_GoRuntimeAnalysisSection_Title,Runtime analysis,Анализ кода,运行时分析
A_Extras_GoRuntimeAnalysisSection_NarrativeDescription,"<a href=""https://docs.lunalabs.io/docs/playable/optimise-your-builds/runtime-analysis"">Runtime Analysis</a> is a feature in Plugin that automatically detects and excludes any unused classes, methods or shaders from your build. This removes the need for you to manually exclude them from your code.\n\nIt is a useful functionality to help further save space in your build.","<a href=""https://docs.lunalabs.io/docs/playable/optimise-your-builds/runtime-analysis"">Анализ кода</a> это функция в Playable Plugin, которая автоматически находит и исключает любые неиспользуемые классы, методы и шейдеры из Вашего билда. Это позволяет избавиться от необходимости вручную исключать их из Вашего кода.\n\nЭто полезная функция для сохранения места в Вашем билде.","<a href=""https://docs.lunalabs.io/docs/playable/optimise-your-builds/runtime-analysis"">运行时分析</a> 是一个自动检测并且从构建中排除无用脚本或着色器的功能。这解决了您需要手动将它们从代码中排除的烦恼。\n\n这是一项能帮助您进一步节省构建空间的功能。"
A_Extras_GoRuntimeAnalysisSection_InstructionTitle,-,-,-
A_Extras_GoRuntimeAnalysisSection_InstructionDescription,➜ Go to Runtime Analysis section,➜ Перейдите в секцию Анализ кода,➜ 点击 运行时分析 选项
,,,
A_Extras_GoCodeTab_Title,Runtime Analysis - code,Анализ кода - код,运行时分析 - 代码
A_Extras_GoCodeTab_NarrativeDescription,We’ll first learn about applying Runtime Analysis on code,"Итак, сначала изучим применение Анализа кода для скриптов",我们首先需要了解一下运行时分析如何处理代码
A_Extras_GoCodeTab_InstructionTitle,-,-,-
A_Extras_GoCodeTab_InstructionDescription,→ Go to Code tab,→ Откройте вкладку Код,→ 点击 代码 面板
,,,
A_Extras_RACodeDescription_Title,Runtime analysis - code,Анализ кода - код,运行时分析 - 代码
A_Extras_RACodeDescription_NarrativeDescription,"When Runtime Analysis is running, Playable Plugin detects all C# classes, methods and properties. These are marked as “unused”. On runtime, whenever any of these code pieces is used Playable Plugin simply switches the component as “used”\n\nNOTE:\n\nTo ensure Runtime Analysis gives the most accurate outcome, we recommend that you play through your playable in Dev Environment multiple times covering all possible interactions. This will allow Playable Plugin to get a full view of what code is being used, and avoid any errors in your build.","Когда Анализ кода запущен, Playable Plugin определяет все C# классы, методы и свойства. Они помечаются как 'неиспользуемые'. Во время исполнения, если кусочек кода используется, то он помечается как 'используемый'\n\nСОВЕТ:\n\nЧтобы убедиться, что Анализ кода выдает наиболее точный результат, мы рекомендуем сыграть в Ваш плеебл в Окружении разработчика несколько раз, пройдя все возможные пути. Это позволит Playable Plugin получить полное представление о том, какой код используется и позволит избежать ошибок в Вашем билде.",当运行时分析在运作时，Playable Plugin 会检测所有的 C# 类，方程和属性。 它们会被标记成 “未使用”。 在运行游戏时，当相关的代码被执行后，Playable Plugin 会将其标记为 “使用中”\n\n注意：\n\n为了确保运行时分析能给出最准确的结果，我们建议您在开发环境下尽可能多地测试游戏，以确保所有的交互，条件都被触发。这将帮助 Playable Plugin 更好地分析哪些代码实际上被用到了，以避免构建后出错。
A_Extras_RACodeDescription_InstructionTitle,-,-,-
A_Extras_RACodeDescription_InstructionDescription,-,-,-
,,,
A_Extras_GoShadersTab_Title,Runtime analysis - shaders,Анализ кода - шейдеры,运行时分析 - 着色器
A_Extras_GoShadersTab_NarrativeDescription,"Next, let’s learn about using Runtime Analysis with shaders","Далее, давайте изучим Анализ кода для шейдеров",接下来，我们需要了解一下运行时分析如何处理着色器
A_Extras_GoShadersTab_InstructionTitle,-,-,-
A_Extras_GoShadersTab_InstructionDescription,➜ Go to Shaders tab,➜ Откройте вкладку Шейдеры,➜ 点击 着色器 面板
,,,
A_Extras_RAShaders_Title,Runtime analysis - shaders,Анализ кода - шейдеры,运行时分析 - 着色器
A_Extras_RAShaders_NarrativeDescription,"In this view you can see the list of all shader variants that are activated when you run your Develop build. After this, the next build export will contain only shader variants grabbed from the Runtime Analysis data. You’ll receive a warning if your project is found with excessive shaders (we recommend to keep below 20)\n\n<a href=""https://docs.lunalabs.io/docs/playable/optimise-your-builds/optimising-assets/optimising-shaders#luna-shader-variant-collection"">Playable Plugin Shader Variant Collection (SVC) file</a> contains all the information about shader variants in the project. This file is automatically created during build process and can be handy when sharing with your team.\n\nIt helps to be careful when using this feature. Read our <a href=""https://docs.lunalabs.io/docs/playable/optimise-your-builds/optimising-assets/optimising-shaders"">developer guide on optimizing shaders</a>","На этом экране Вы можете видеть список всех вариантов шейдеров, которые используются в Вашем Develop билде. В дальнейшем, следюущие билды будут содержать только варианты шейдеров и данных Анализа кода. Вы увидите предупреждение, если проект использует слишком много шейдеров (мы рекомендуем не превышать 20)\n\n<a href=""https://docs.lunalabs.io/docs/playable/optimise-your-builds/optimising-assets/optimising-shaders#luna-shader-variant-collection"">Файл Playable Plugin Shader Variant Collection (SVC)</a> содержит всю информацию о вариантах шейдеров в проекте. Этот файл создается автоматически во время процесса сборки и может быть полезно, поделиться им с Вашей коммандой.\n\nРекомендуем быть осторожным при использовании функции Анализа кода. Изучите нашу <a href=""https://docs.lunalabs.io/docs/playable/optimise-your-builds/optimising-assets/optimising-shaders"">документацию по оптимизации шейдеров</a>","在此视图中，您可以看到运行 Develop 构建时激活的所有着色器变体的列表。此后，下一次构建导出将仅包含从运行时分析数据中获取的着色器变体。如果您的项目有过多的着色器变体，您将收到警告（我们建议保持在 20 个以下）。\n\n<a href=""https://docs.lunalabs.io/docs/playable/optimise-your-builds/optimising-assets/optimising-shaders#luna-shader-variant-collection"">Playable Plugin Shader Variant Collection (SVC)</a> 文件包含了所有项目中着色器变体的信息。该文件会在构建过程中自动生成，并且可以共享给您的团队。\n\n使用此功能时务必小心。请参照我们着色器优化相关的<a href=""https://docs.lunalabs.io/docs/playable/optimise-your-builds/optimising-assets/optimising-shaders"">开发者文档</a>"
A_Extras_RAShaders_InstructionTitle,-,-,-
A_Extras_RAShaders_InstructionDescription,-,-,-
,,,
A_Extras_Finish_Title,Great!,Отлично!,真棒！
A_Extras_Finish_NarrativeDescription,"With this tutorial, you know how to get the best performance out of your build","С этим руководством Вы изучили, как получить наилучшую производительность в Вашем плеебле",过本教程，您知道了如何让您的构建获得最佳性能
A_Extras_Finish_InstructionTitle,-,-,-
A_Extras_Finish_InstructionDescription,-,-,-
,,,
StartButton,Start!,Начать!,开始！
DoneButton,Done,Готово,完成
NextButton,Next,Далее,下一步
PreviousButton,Previous,Назад,上一步
